{"Hama1": [[1.4754856462402675, -0.6655680538934237, 0.5358863675619155], [-0.6594777253071301, -0.41347774067868875, 0.3152035769545156, 0.5429292587572677]], "Hama2": [[1.477884039577508, -0.6660205265002875, 0.5354030477107966], [0.13944975935850434, -0.8924261994508409, 0.4192104373855717, 0.09160807141403275]], "DAVIS346": [[1.552105760244105, -0.14710694412702374, 0.5156545017709928], [-0.5542974314754561, -0.5744790508720719, 0.4232272826567042, 0.42849391460691644]], "NIST_Board1": [[0.3786657650833596, 0.20118387506591706, 0.007396412412270908], [-0.003959887438834547, -0.011286311533112233, 0.002403842481244704, 0.9999256871354116]]}